{"stats":{"minecraft:dropped":{"minecraft:stone_hoe":1,"minecraft:stone_axe":1,"minecraft:wheat_seeds":17,"minecraft:stone_sword":1,"minecraft:cobbled_deepslate":1,"minecraft:wheat":4,"minecraft:stone_shovel":1,"minecraft:rotten_flesh":9,"minecraft:apple":3,"minecraft:polished_andesite":1,"minecraft:poppy":2,"minecraft:sand":3,"minecraft:wooden_axe":2,"minecraft:spider_eye":1,"minecraft:iron_bars":1,"minecraft:arrow":4,"minecraft:stone_pickaxe":1,"minecraft:cactus":1,"minecraft:string":2,"minecraft:bone":1},"minecraft:used":{"minecraft:diorite":1,"minecraft:stone_sword":138,"minecraft:iron_shovel":6,"minecraft:stone_pickaxe":57,"minecraft:shield":3,"minecraft:sandstone":1,"minecraft:stone_hoe":94,"minecraft:torch":6,"minecraft:sand":6,"minecraft:crafting_table":7,"minecraft:wooden_axe":23,"minecraft:diamond_pickaxe":60,"minecraft:lava_bucket":1,"minecraft:bread":25,"minecraft:iron_axe":5,"minecraft:iron_pickaxe":5,"minecraft:bow":3,"minecraft:iron_boots":1,"minecraft:cobblestone":38,"minecraft:stone_axe":15,"minecraft:dark_oak_boat":4,"minecraft:furnace":1,"minecraft:bucket":3,"minecraft:andesite":6,"minecraft:cobbled_deepslate":2,"minecraft:iron_leggings":1},"minecraft:mined":{"minecraft:deepslate_diamond_ore":4,"minecraft:dark_oak_log":16,"minecraft:crafting_table":5,"minecraft:dead_bush":3,"minecraft:cobblestone":16,"minecraft:sugar_cane":7,"minecraft:diorite":1,"minecraft:sandstone":1,"minecraft:hay_block":92,"minecraft:furnace":3,"minecraft:iron_ore":17,"minecraft:wheat":7,"minecraft:suspicious_sand":2,"minecraft:andesite":6,"minecraft:smooth_stone_slab":1,"minecraft:bookshelf":9,"minecraft:coal_ore":20,"minecraft:iron_bars":1,"minecraft:sand":8,"minecraft:cobweb":3,"minecraft:stone":34,"minecraft:polished_andesite":1,"minecraft:white_wool":3,"minecraft:deepslate":12},"minecraft:crafted":{"minecraft:stone_shovel":1,"minecraft:dark_oak_boat":1,"minecraft:crafting_table":3,"minecraft:iron_helmet":1,"minecraft:furnace":1,"minecraft:bucket":2,"minecraft:stone_axe":1,"minecraft:bread":282,"minecraft:air":0,"minecraft:bow":1,"minecraft:diamond_pickaxe":1,"minecraft:shield":1,"minecraft:iron_axe":1,"minecraft:stick":36,"minecraft:iron_ingot":17,"minecraft:stone_pickaxe":1,"minecraft:iron_pickaxe":1,"minecraft:wooden_axe":1,"minecraft:stone_sword":2,"minecraft:iron_shovel":1,"minecraft:iron_leggings":1,"minecraft:white_bed":1,"minecraft:dark_oak_planks":64,"minecraft:torch":48,"minecraft:stone_hoe":1,"minecraft:wheat":828},"minecraft:picked_up":{"minecraft:wooden_axe":1,"minecraft:crafting_table":4,"minecraft:wheat":5,"minecraft:andesite":6,"minecraft:dark_oak_boat":3,"minecraft:string":5,"minecraft:bone":1,"minecraft:wheat_seeds":17,"minecraft:cobbled_deepslate":11,"minecraft:iron_ingot":9,"minecraft:poppy":2,"minecraft:sugar_cane":12,"minecraft:stone_hoe":1,"minecraft:furnace":3,"minecraft:book":27,"minecraft:stick":4,"minecraft:raw_iron":17,"minecraft:sandstone":1,"minecraft:torch":1,"minecraft:sand":9,"minecraft:diorite":1,"minecraft:spider_eye":1,"minecraft:dark_oak_log":16,"minecraft:polished_andesite":1,"minecraft:arrow":6,"minecraft:cactus":1,"minecraft:rotten_flesh":11,"minecraft:diamond":4,"minecraft:hay_block":92,"minecraft:iron_bars":1,"minecraft:coal":25,"minecraft:white_wool":3,"minecraft:cobblestone":53},"minecraft:custom":{"minecraft:interact_with_furnace":10,"minecraft:mob_kills":26,"minecraft:interact_with_crafting_table":17,"minecraft:time_since_death":62744,"minecraft:climb_one_cm":7774,"minecraft:time_since_rest":62777,"minecraft:sprint_one_cm":145775,"minecraft:damage_taken":1316,"minecraft:walk_one_cm":77346,"minecraft:damage_blocked_by_shield":100,"minecraft:drop":30,"minecraft:damage_dealt":7092,"minecraft:player_kills":1,"minecraft:swim_one_cm":20979,"minecraft:talked_to_villager":1,"minecraft:fly_one_cm":369963,"minecraft:open_chest":9,"minecraft:crouch_one_cm":8097,"minecraft:play_time":66741,"minecraft:deaths":1,"minecraft:sneak_time":3823,"minecraft:walk_under_water_one_cm":19962,"minecraft:boat_one_cm":84308,"minecraft:jump":1430,"minecraft:walk_on_water_one_cm":14877,"minecraft:total_world_time":66741,"minecraft:fall_one_cm":41292},"minecraft:killed":{"minecraft:husk":10,"minecraft:spider":4,"minecraft:iron_golem":2,"minecraft:skeleton":4,"minecraft:zombie":4,"creeperoverhaul:desert_creeper":1,"minecraft:drowned":1}},"DataVersion":3465}