{"stats":{"minecraft:dropped":{"minecraft:stone_hoe":1,"minecraft:wheat_seeds":19,"minecraft:apple":3,"minecraft:polished_andesite":1,"minecraft:diorite":2,"minecraft:wooden_axe":2,"minecraft:sand":3,"minecraft:cactus":1,"minecraft:string":2,"minecraft:bone":1,"minecraft:stone_axe":1,"minecraft:stone_sword":1,"minecraft:cobbled_deepslate":1,"minecraft:wheat":4,"minecraft:stone_shovel":1,"minecraft:rotten_flesh":14,"minecraft:poppy":2,"minecraft:andesite":1,"minecraft:oak_sapling":1,"minecraft:spider_eye":1,"minecraft:iron_bars":1,"minecraft:arrow":4,"minecraft:stone_pickaxe":1},"minecraft:used":{"minecraft:stone_sword":201,"minecraft:iron_shovel":13,"minecraft:poppy":1,"minecraft:chest":2,"minecraft:shield":10,"minecraft:stone_hoe":94,"minecraft:torch":7,"minecraft:dirt":7,"minecraft:granite":1,"minecraft:wooden_axe":23,"minecraft:lava_bucket":1,"minecraft:iron_axe":78,"minecraft:iron_boots":1,"minecraft:bow":11,"minecraft:dark_oak_boat":4,"minecraft:furnace":4,"minecraft:cobbled_deepslate":3,"minecraft:iron_leggings":1,"minecraft:water_bucket":4,"minecraft:diorite":1,"minecraft:stone_pickaxe":57,"minecraft:sandstone":1,"minecraft:sand":6,"minecraft:crafting_table":9,"minecraft:white_bed":2,"minecraft:diamond_pickaxe":255,"minecraft:bread":46,"minecraft:iron_pickaxe":5,"minecraft:stone_axe":15,"minecraft:cobblestone":64,"minecraft:bucket":7,"minecraft:andesite":6,"minecraft:oak_boat":1},"minecraft:mined":{"minecraft:white_bed":1,"minecraft:deepslate_diamond_ore":4,"minecraft:dark_oak_log":16,"minecraft:granite":1,"minecraft:grass_block":3,"minecraft:sandstone":1,"minecraft:hay_block":92,"minecraft:furnace":3,"minecraft:iron_ore":52,"minecraft:suspicious_sand":2,"minecraft:andesite":7,"minecraft:bookshelf":9,"minecraft:vine":1,"minecraft:iron_bars":1,"minecraft:bamboo":6,"minecraft:stone":67,"minecraft:white_wool":3,"minecraft:crafting_table":5,"minecraft:melon":7,"minecraft:dead_bush":3,"minecraft:tall_grass":10,"minecraft:cobblestone":16,"minecraft:deepslate_gold_ore":2,"minecraft:sugar_cane":7,"minecraft:diorite":3,"minecraft:wheat":7,"minecraft:smooth_stone_slab":1,"minecraft:oak_log":15,"minecraft:grass":14,"minecraft:coal_ore":136,"minecraft:sand":8,"minecraft:dirt":4,"minecraft:cobweb":3,"minecraft:polished_andesite":1,"minecraft:gold_ore":4,"minecraft:oak_leaves":6,"minecraft:deepslate":13,"minecraft:fern":7},"minecraft:crafted":{"minecraft:oak_planks":56,"minecraft:stone_shovel":1,"minecraft:dark_oak_boat":1,"minecraft:furnace":1,"minecraft:bow":2,"minecraft:iron_axe":1,"minecraft:stone_pickaxe":1,"minecraft:chest":2,"minecraft:dark_oak_planks":64,"minecraft:stone_hoe":1,"minecraft:wheat":828,"minecraft:crafting_table":5,"minecraft:iron_helmet":1,"minecraft:bucket":2,"minecraft:stone_axe":1,"minecraft:bread":282,"minecraft:air":0,"minecraft:oak_boat":1,"minecraft:diamond_pickaxe":1,"minecraft:shield":1,"minecraft:stick":36,"minecraft:iron_pickaxe":1,"minecraft:iron_ingot":17,"minecraft:wooden_axe":1,"minecraft:stone_sword":2,"minecraft:iron_shovel":1,"minecraft:iron_leggings":1,"minecraft:white_bed":1,"minecraft:torch":48},"minecraft:picked_up":{"minecraft:wooden_axe":1,"minecraft:crafting_table":4,"minecraft:wheat":5,"minecraft:string":5,"minecraft:cobbled_deepslate":12,"minecraft:beef":21,"minecraft:poppy":3,"minecraft:melon_slice":39,"minecraft:sugar_cane":12,"minecraft:furnace":3,"minecraft:raw_iron":52,"minecraft:stick":4,"minecraft:sandstone":1,"minecraft:torch":1,"minecraft:diorite":3,"minecraft:rotten_flesh":20,"minecraft:cactus":1,"minecraft:arrow":12,"minecraft:hay_block":92,"minecraft:cobblestone":83,"minecraft:iron_bars":1,"minecraft:white_wool":3,"minecraft:andesite":7,"minecraft:leather":10,"minecraft:dark_oak_boat":3,"minecraft:oak_log":14,"minecraft:dirt":7,"minecraft:bone":8,"minecraft:bow":1,"minecraft:wheat_seeds":19,"minecraft:raw_gold":6,"minecraft:iron_ingot":9,"minecraft:bamboo":37,"minecraft:stone_hoe":1,"minecraft:book":27,"minecraft:sand":9,"minecraft:white_bed":1,"minecraft:dark_oak_log":16,"minecraft:spider_eye":1,"minecraft:polished_andesite":1,"minecraft:diamond":4,"minecraft:granite":1,"minecraft:oak_sapling":1,"minecraft:coal":139},"minecraft:custom":{"minecraft:mob_kills":59,"minecraft:interact_with_crafting_table":20,"minecraft:leave_game":2,"minecraft:time_since_death":98206,"minecraft:climb_one_cm":8991,"minecraft:sprint_one_cm":266371,"minecraft:walk_one_cm":121340,"minecraft:damage_blocked_by_shield":325,"minecraft:drop":39,"minecraft:talked_to_villager":1,"minecraft:play_time":102203,"minecraft:deaths":1,"minecraft:sneak_time":5027,"minecraft:walk_under_water_one_cm":21440,"minecraft:boat_one_cm":153141,"minecraft:jump":2509,"minecraft:walk_on_water_one_cm":23616,"minecraft:total_world_time":102203,"minecraft:interact_with_furnace":10,"minecraft:sleep_in_bed":1,"minecraft:time_since_rest":29043,"minecraft:damage_taken":2257,"minecraft:damage_dealt":11581,"minecraft:swim_one_cm":50914,"minecraft:fly_one_cm":595705,"minecraft:player_kills":1,"minecraft:open_chest":13,"minecraft:crouch_one_cm":11212,"minecraft:fall_one_cm":73244},"minecraft:killed":{"minecraft:witch":1,"minecraft:spider":6,"minecraft:skeleton":11,"minecraft:drowned":1,"minecraft:husk":10,"minecraft:iron_golem":2,"minecraft:zombie":14,"creeperoverhaul:desert_creeper":1,"minecraft:cow":12}},"DataVersion":3465}