{"stats":{"minecraft:mined":{"minecraft:white_bed":1,"minecraft:deepslate_diamond_ore":4,"minecraft:dark_oak_log":16,"minecraft:granite":1,"minecraft:grass_block":29,"minecraft:coal_block":2,"minecraft:sandstone":1,"minecraft:spawner":1,"minecraft:hay_block":92,"minecraft:furnace":3,"minecraft:iron_ore":52,"minecraft:suspicious_sand":2,"minecraft:andesite":8,"minecraft:bookshelf":9,"minecraft:vine":1,"minecraft:iron_bars":1,"minecraft:bamboo":6,"minecraft:stone":90,"minecraft:white_wool":3,"minecraft:crafting_table":5,"minecraft:blast_furnace":2,"minecraft:melon":7,"minecraft:dead_bush":3,"minecraft:tall_grass":14,"minecraft:cobblestone":16,"minecraft:deepslate_gold_ore":2,"minecraft:sugar_cane":7,"minecraft:diorite":3,"minecraft:cauldron":2,"minecraft:wheat":7,"minecraft:smooth_stone_slab":1,"minecraft:grass":37,"minecraft:oak_log":18,"minecraft:coal_ore":141,"minecraft:sand":8,"minecraft:dirt":7,"minecraft:gray_carpet":1,"minecraft:cobweb":3,"minecraft:polished_andesite":1,"minecraft:gold_ore":4,"minecraft:oak_leaves":6,"minecraft:deepslate":13,"minecraft:fern":7},"minecraft:picked_up":{"minecraft:wooden_axe":1,"minecraft:crafting_table":4,"minecraft:wheat":5,"minecraft:string":9,"minecraft:cobbled_deepslate":12,"minecraft:beef":36,"minecraft:poppy":3,"minecraft:chest":2,"minecraft:coal_block":2,"minecraft:melon_slice":78,"minecraft:sugar_cane":24,"minecraft:furnace":4,"minecraft:egg":1,"minecraft:stick":5,"minecraft:raw_iron":87,"minecraft:sandstone":1,"minecraft:torch":1,"minecraft:diorite":3,"minecraft:cauldron":2,"minecraft:dark_oak_planks":13,"minecraft:rotten_flesh":33,"minecraft:arrow":18,"minecraft:cactus":1,"minecraft:hay_block":92,"minecraft:gold_ingot":5,"minecraft:glow_berries":6,"minecraft:iron_bars":1,"minecraft:cobblestone":118,"minecraft:white_wool":3,"minecraft:andesite":8,"minecraft:leather":27,"minecraft:dark_oak_boat":3,"minecraft:oak_log":17,"minecraft:dirt":51,"minecraft:name_tag":2,"minecraft:bone":18,"minecraft:gray_carpet":1,"minecraft:bow":1,"minecraft:wheat_seeds":24,"minecraft:raw_gold":12,"minecraft:iron_ingot":9,"minecraft:bamboo":74,"minecraft:stone_hoe":2,"minecraft:oak_planks":31,"minecraft:book":54,"minecraft:sand":9,"minecraft:blast_furnace":2,"minecraft:white_bed":2,"minecraft:dark_oak_log":16,"minecraft:spider_eye":2,"minecraft:polished_andesite":1,"scout:tanned_leather":10,"minecraft:diamond":5,"minecraft:granite":1,"minecraft:bread":64,"minecraft:oak_sapling":1,"minecraft:coal":248},"minecraft:killed":{"minecraft:witch":1,"minecraft:spider":8,"minecraft:skeleton":13,"minecraft:drowned":1,"minecraft:husk":10,"minecraft:iron_golem":2,"minecraft:zombie":28,"creeperoverhaul:desert_creeper":1,"minecraft:cow":19},"minecraft:custom":{"minecraft:mob_kills":84,"minecraft:interact_with_crafting_table":23,"minecraft:open_barrel":2,"minecraft:interact_with_campfire":10,"minecraft:leave_game":4,"minecraft:time_since_death":116629,"minecraft:climb_one_cm":8991,"minecraft:sprint_one_cm":309058,"minecraft:walk_one_cm":176629,"minecraft:damage_blocked_by_shield":905,"minecraft:drop":55,"minecraft:talked_to_villager":1,"minecraft:play_time":120626,"minecraft:deaths":1,"minecraft:sneak_time":5389,"minecraft:walk_under_water_one_cm":22420,"minecraft:boat_one_cm":153141,"minecraft:jump":2991,"minecraft:walk_on_water_one_cm":24438,"minecraft:total_world_time":120626,"minecraft:interact_with_furnace":25,"minecraft:sleep_in_bed":1,"minecraft:time_since_rest":47466,"minecraft:damage_taken":2843,"minecraft:damage_dealt":15893,"minecraft:swim_one_cm":51559,"minecraft:fly_one_cm":719185,"minecraft:player_kills":1,"minecraft:open_chest":28,"minecraft:crouch_one_cm":12837,"minecraft:fall_one_cm":86077},"minecraft:crafted":{"minecraft:oak_planks":56,"minecraft:stone_shovel":1,"minecraft:dark_oak_boat":1,"minecraft:furnace":2,"minecraft:bow":2,"minecraft:iron_axe":1,"minecraft:stone_pickaxe":1,"minecraft:chest":2,"minecraft:dark_oak_planks":64,"minecraft:stone_hoe":1,"minecraft:wheat":828,"minecraft:crafting_table":6,"minecraft:iron_helmet":1,"minecraft:bucket":2,"minecraft:campfire":1,"minecraft:stone_axe":1,"minecraft:bread":282,"minecraft:air":0,"minecraft:oak_boat":1,"minecraft:iron_chestplate":1,"minecraft:diamond_pickaxe":1,"minecraft:shield":1,"minecraft:stick":39,"minecraft:iron_pickaxe":1,"minecraft:iron_ingot":31,"minecraft:wooden_axe":1,"minecraft:stone_sword":2,"minecraft:iron_shovel":1,"minecraft:iron_leggings":1,"minecraft:gold_ingot":6,"minecraft:white_bed":1,"minecraft:torch":48},"minecraft:dropped":{"minecraft:stone_hoe":1,"minecraft:wheat_seeds":24,"minecraft:cobblestone":7,"minecraft:glow_berries":3,"minecraft:leather":3,"minecraft:apple":3,"minecraft:polished_andesite":1,"minecraft:dirt":5,"minecraft:diorite":2,"minecraft:wooden_axe":2,"minecraft:sand":3,"minecraft:cactus":1,"minecraft:string":2,"minecraft:bone":1,"minecraft:stone_axe":1,"minecraft:stone_sword":1,"minecraft:cobbled_deepslate":1,"minecraft:wheat":4,"minecraft:stone_shovel":1,"minecraft:rotten_flesh":21,"minecraft:poppy":2,"minecraft:andesite":2,"minecraft:oak_sapling":1,"minecraft:spider_eye":2,"minecraft:iron_bars":1,"minecraft:arrow":4,"minecraft:stone_pickaxe":1},"minecraft:used":{"minecraft:stone_sword":240,"minecraft:iron_shovel":42,"minecraft:poppy":1,"minecraft:chest":4,"minecraft:shield":39,"minecraft:stone_hoe":94,"minecraft:iron_chestplate":1,"minecraft:torch":7,"minecraft:dirt":43,"minecraft:granite":1,"minecraft:wooden_axe":23,"minecraft:lava_bucket":1,"minecraft:iron_axe":121,"minecraft:iron_boots":1,"minecraft:bow":11,"minecraft:dark_oak_boat":4,"minecraft:furnace":6,"minecraft:egg":1,"minecraft:cobbled_deepslate":3,"minecraft:iron_leggings":1,"minecraft:water_bucket":6,"minecraft:diorite":1,"minecraft:stone_pickaxe":57,"minecraft:sandstone":1,"minecraft:sand":6,"minecraft:crafting_table":10,"minecraft:white_bed":3,"minecraft:campfire":1,"minecraft:diamond_pickaxe":294,"minecraft:bread":58,"minecraft:iron_pickaxe":5,"minecraft:stone_axe":15,"minecraft:cobblestone":68,"minecraft:andesite":6,"minecraft:bucket":9,"minecraft:oak_boat":1}},"DataVersion":3465}