{"stats":{"minecraft:dropped":{"minecraft:stone_hoe":1,"minecraft:stone_axe":1,"minecraft:wheat_seeds":19,"minecraft:stone_sword":1,"minecraft:cobbled_deepslate":1,"minecraft:wheat":4,"minecraft:stone_shovel":1,"minecraft:rotten_flesh":14,"minecraft:apple":3,"minecraft:polished_andesite":1,"minecraft:poppy":2,"minecraft:andesite":1,"minecraft:diorite":2,"minecraft:oak_sapling":1,"minecraft:sand":3,"minecraft:wooden_axe":2,"minecraft:spider_eye":1,"minecraft:iron_bars":1,"minecraft:arrow":4,"minecraft:stone_pickaxe":1,"minecraft:cactus":1,"minecraft:string":2,"minecraft:bone":1},"minecraft:used":{"minecraft:water_bucket":3,"minecraft:diorite":1,"minecraft:stone_sword":180,"minecraft:iron_shovel":6,"minecraft:stone_pickaxe":57,"minecraft:chest":2,"minecraft:shield":9,"minecraft:sandstone":1,"minecraft:stone_hoe":94,"minecraft:torch":7,"minecraft:sand":6,"minecraft:crafting_table":8,"minecraft:white_bed":2,"minecraft:wooden_axe":23,"minecraft:diamond_pickaxe":205,"minecraft:lava_bucket":1,"minecraft:bread":39,"minecraft:iron_axe":72,"minecraft:iron_pickaxe":5,"minecraft:bow":6,"minecraft:iron_boots":1,"minecraft:cobblestone":45,"minecraft:stone_axe":15,"minecraft:dark_oak_boat":4,"minecraft:furnace":4,"minecraft:bucket":6,"minecraft:andesite":6,"minecraft:cobbled_deepslate":2,"minecraft:iron_leggings":1},"minecraft:mined":{"minecraft:white_bed":1,"minecraft:deepslate_diamond_ore":4,"minecraft:dark_oak_log":16,"minecraft:crafting_table":5,"minecraft:melon":7,"minecraft:dead_bush":3,"minecraft:tall_grass":10,"minecraft:cobblestone":16,"minecraft:sugar_cane":7,"minecraft:diorite":3,"minecraft:sandstone":1,"minecraft:hay_block":92,"minecraft:furnace":3,"minecraft:oak_log":15,"minecraft:vine":1,"minecraft:grass":14,"minecraft:iron_ore":43,"minecraft:wheat":7,"minecraft:suspicious_sand":2,"minecraft:andesite":7,"minecraft:smooth_stone_slab":1,"minecraft:bookshelf":9,"minecraft:coal_ore":116,"minecraft:iron_bars":1,"minecraft:sand":8,"minecraft:cobweb":3,"minecraft:bamboo":6,"minecraft:stone":54,"minecraft:polished_andesite":1,"minecraft:fern":7,"minecraft:oak_leaves":6,"minecraft:white_wool":3,"minecraft:deepslate":12},"minecraft:crafted":{"minecraft:oak_planks":56,"minecraft:stone_shovel":1,"minecraft:dark_oak_boat":1,"minecraft:crafting_table":4,"minecraft:iron_helmet":1,"minecraft:furnace":1,"minecraft:bucket":2,"minecraft:stone_axe":1,"minecraft:bread":282,"minecraft:air":0,"minecraft:chest":2,"minecraft:bow":2,"minecraft:diamond_pickaxe":1,"minecraft:shield":1,"minecraft:iron_axe":1,"minecraft:stick":36,"minecraft:iron_ingot":17,"minecraft:stone_pickaxe":1,"minecraft:iron_pickaxe":1,"minecraft:wooden_axe":1,"minecraft:stone_sword":2,"minecraft:iron_shovel":1,"minecraft:iron_leggings":1,"minecraft:white_bed":1,"minecraft:dark_oak_planks":64,"minecraft:torch":48,"minecraft:stone_hoe":1,"minecraft:wheat":828},"minecraft:picked_up":{"minecraft:wooden_axe":1,"minecraft:crafting_table":4,"minecraft:wheat":5,"minecraft:leather":8,"minecraft:andesite":7,"minecraft:dark_oak_boat":3,"minecraft:oak_log":14,"minecraft:string":5,"minecraft:bone":8,"minecraft:bow":1,"minecraft:wheat_seeds":19,"minecraft:cobbled_deepslate":11,"minecraft:beef":20,"minecraft:iron_ingot":9,"minecraft:poppy":2,"minecraft:bamboo":37,"minecraft:melon_slice":39,"minecraft:sugar_cane":12,"minecraft:stone_hoe":1,"minecraft:furnace":3,"minecraft:book":27,"minecraft:stick":4,"minecraft:raw_iron":43,"minecraft:sandstone":1,"minecraft:torch":1,"minecraft:sand":9,"minecraft:white_bed":1,"minecraft:diorite":3,"minecraft:spider_eye":1,"minecraft:dark_oak_log":16,"minecraft:polished_andesite":1,"minecraft:arrow":12,"minecraft:cactus":1,"minecraft:rotten_flesh":18,"minecraft:diamond":4,"minecraft:hay_block":92,"minecraft:oak_sapling":1,"minecraft:iron_bars":1,"minecraft:coal":119,"minecraft:white_wool":3,"minecraft:cobblestone":70},"minecraft:custom":{"minecraft:interact_with_furnace":10,"minecraft:mob_kills":50,"minecraft:interact_with_crafting_table":18,"minecraft:time_since_death":86744,"minecraft:sleep_in_bed":1,"minecraft:climb_one_cm":8991,"minecraft:time_since_rest":17581,"minecraft:sprint_one_cm":239529,"minecraft:damage_taken":1926,"minecraft:walk_one_cm":108280,"minecraft:damage_blocked_by_shield":270,"minecraft:drop":39,"minecraft:damage_dealt":10426,"minecraft:player_kills":1,"minecraft:swim_one_cm":49232,"minecraft:talked_to_villager":1,"minecraft:fly_one_cm":538634,"minecraft:open_chest":10,"minecraft:crouch_one_cm":10001,"minecraft:play_time":90741,"minecraft:deaths":1,"minecraft:sneak_time":4699,"minecraft:walk_under_water_one_cm":21192,"minecraft:boat_one_cm":104710,"minecraft:jump":2187,"minecraft:walk_on_water_one_cm":20725,"minecraft:total_world_time":90741,"minecraft:fall_one_cm":63539},"minecraft:killed":{"minecraft:husk":10,"minecraft:spider":5,"minecraft:iron_golem":2,"minecraft:skeleton":11,"minecraft:zombie":9,"creeperoverhaul:desert_creeper":1,"minecraft:drowned":1,"minecraft:cow":11}},"DataVersion":3465}