{"stats":{"minecraft:dropped":{"minecraft:bread":5,"minecraft:iron_ingot":8,"minecraft:stone_sword":1,"minecraft:smooth_stone_slab":1,"minecraft:crafting_table":4,"minecraft:cobblestone":2,"minecraft:rotten_flesh":1,"minecraft:iron_helmet":1,"minecraft:iron_boots":1,"minecraft:amethyst_block":2,"minecraft:blast_furnace":1,"minecraft:polished_andesite":1,"minecraft:iron_chestplate":1,"minecraft:wooden_axe":1,"minecraft:iron_leggings":1,"minecraft:wooden_sword":1,"minecraft:sand":1,"minecraft:iron_pickaxe":1,"minecraft:string":2,"minecraft:bone":14},"minecraft:used":{"minecraft:stone_sword":71,"minecraft:stone_pickaxe":73,"minecraft:wooden_pickaxe":6,"minecraft:shield":13,"minecraft:iron_sword":2,"minecraft:diamond_axe":16,"minecraft:rotten_flesh":5,"minecraft:dirt":2,"minecraft:sand":2,"minecraft:crafting_table":7,"minecraft:blast_furnace":2,"minecraft:tuff":1,"minecraft:wooden_axe":33,"minecraft:dark_oak_planks":4,"minecraft:string":1,"minecraft:iron_axe":7,"minecraft:bread":17,"minecraft:iron_pickaxe":44,"minecraft:gravel":1,"minecraft:cobblestone":28,"minecraft:furnace":1,"minecraft:cobbled_deepslate":17},"minecraft:crafted":{"minecraft:wooden_sword":1,"minecraft:smooth_stone":3,"minecraft:diamond_axe":1,"minecraft:crafting_table":2,"minecraft:wooden_pickaxe":1,"minecraft:iron_helmet":1,"minecraft:furnace":1,"minecraft:blast_furnace":1,"minecraft:stone":3,"minecraft:air":0,"minecraft:iron_chestplate":1,"minecraft:shield":1,"minecraft:iron_axe":1,"minecraft:stick":4,"minecraft:iron_ingot":29,"minecraft:iron_pickaxe":1,"minecraft:stone_pickaxe":1,"minecraft:wooden_axe":1,"minecraft:stone_sword":1,"minecraft:iron_leggings":1,"minecraft:dark_oak_planks":24},"minecraft:mined":{"minecraft:dark_oak_planks":4,"minecraft:diamond_ore":1,"minecraft:tuff":1,"minecraft:deepslate_diamond_ore":3,"minecraft:dark_oak_log":6,"minecraft:crafting_table":7,"minecraft:blast_furnace":2,"minecraft:grass_block":1,"minecraft:dead_bush":8,"minecraft:cobblestone":6,"minecraft:deepslate_gold_ore":4,"minecraft:sugar_cane":16,"minecraft:sandstone":7,"minecraft:iron_door":2,"minecraft:spawner":2,"minecraft:hay_block":12,"minecraft:tall_seagrass":1,"minecraft:furnace":1,"minecraft:iron_ore":8,"minecraft:cobbled_deepslate":2,"minecraft:grass":1,"minecraft:deepslate_iron_ore":24,"minecraft:sand":2,"minecraft:dirt":1,"minecraft:stone":33,"minecraft:deepslate":22,"minecraft:tripwire":1},"minecraft:picked_up":{"minecraft:wooden_axe":1,"minecraft:crafting_table":12,"minecraft:iron_chestplate":2,"minecraft:iron_door":4,"minecraft:wooden_pickaxe":1,"minecraft:filled_map":1,"minecraft:tuff":1,"minecraft:shield":1,"minecraft:amethyst_block":2,"minecraft:dirt":2,"minecraft:string":4,"minecraft:iron_axe":1,"minecraft:smooth_stone_slab":1,"minecraft:wooden_sword":1,"minecraft:name_tag":1,"minecraft:iron_leggings":2,"minecraft:bone":25,"minecraft:stonecutter":1,"minecraft:cobbled_deepslate":26,"minecraft:raw_gold":8,"minecraft:bucket":1,"minecraft:iron_ingot":16,"minecraft:stone_pickaxe":1,"minecraft:iron_pickaxe":2,"minecraft:sugar_cane":35,"minecraft:iron_sword":1,"minecraft:furnace":1,"minecraft:iron_boots":2,"minecraft:stick":11,"minecraft:raw_iron":30,"minecraft:gravel":1,"minecraft:sand":3,"minecraft:blast_furnace":4,"minecraft:dark_oak_log":6,"minecraft:dark_oak_planks":4,"minecraft:polished_andesite":1,"minecraft:stone_sword":1,"minecraft:arrow":13,"minecraft:rotten_flesh":6,"minecraft:diamond":5,"minecraft:hay_block":9,"minecraft:iron_helmet":2,"minecraft:diamond_axe":1,"minecraft:golden_apple":1,"minecraft:emerald":8,"minecraft:bread":16,"minecraft:coal":15,"minecraft:cobblestone":40},"minecraft:custom":{"minecraft:interact_with_furnace":11,"minecraft:mob_kills":22,"minecraft:interact_with_crafting_table":13,"minecraft:time_since_death":8670,"minecraft:climb_one_cm":7144,"minecraft:time_since_rest":8697,"minecraft:sprint_one_cm":115542,"minecraft:damage_taken":1532,"minecraft:walk_one_cm":105413,"minecraft:damage_blocked_by_shield":366,"minecraft:drop":24,"minecraft:damage_dealt":5004,"minecraft:swim_one_cm":8016,"minecraft:fly_one_cm":248278,"minecraft:open_chest":6,"minecraft:crouch_one_cm":13464,"minecraft:play_time":60955,"minecraft:deaths":1,"minecraft:sneak_time":4045,"minecraft:walk_under_water_one_cm":3157,"minecraft:jump":1224,"minecraft:interact_with_blast_furnace":6,"minecraft:walk_on_water_one_cm":6836,"minecraft:total_world_time":60955,"minecraft:fall_one_cm":37488},"minecraft:killed":{"minecraft:husk":7,"minecraft:spider":4,"minecraft:skeleton":5,"minecraft:pillager":1,"minecraft:zombie":4}},"DataVersion":3465}