{"stats":{"minecraft:dropped":{"minecraft:iron_ingot":8,"minecraft:bread":5,"minecraft:diamond":67,"minecraft:crafting_table":4,"minecraft:iron_helmet":1,"minecraft:cobblestone":2,"minecraft:amethyst_block":2,"minecraft:leather":1,"minecraft:golden_apple":1,"minecraft:polished_andesite":1,"minecraft:dirt":3,"minecraft:stone_button":2,"minecraft:wooden_axe":1,"minecraft:iron_door":2,"minecraft:iron_leggings":1,"minecraft:wooden_sword":1,"minecraft:sand":1,"minecraft:iron_pickaxe":1,"minecraft:string":5,"minecraft:bone":14,"minecraft:stone_sword":1,"minecraft:smooth_stone_slab":1,"minecraft:rotten_flesh":6,"minecraft:oak_planks":2,"minecraft:iron_boots":1,"minecraft:blast_furnace":1,"minecraft:filled_map":1,"minecraft:iron_chestplate":1,"minecraft:oak_sapling":1},"minecraft:used":{"minecraft:stone_sword":71,"minecraft:shield":13,"minecraft:iron_sword":45,"minecraft:rotten_flesh":5,"minecraft:dirt":5,"minecraft:tuff":1,"minecraft:dark_oak_planks":4,"minecraft:wooden_axe":33,"minecraft:iron_axe":7,"minecraft:furnace":1,"minecraft:egg":1,"minecraft:cobbled_deepslate":17,"minecraft:stone_pickaxe":73,"minecraft:wooden_pickaxe":6,"minecraft:stonecutter":1,"minecraft:diamond_axe":31,"minecraft:sand":4,"minecraft:crafting_table":9,"minecraft:blast_furnace":2,"minecraft:campfire":1,"minecraft:bread":25,"minecraft:string":1,"minecraft:iron_pickaxe":93,"minecraft:gravel":1,"minecraft:cobblestone":63,"minecraft:splash_potion":12},"minecraft:crafted":{"minecraft:wooden_sword":1,"minecraft:oak_planks":4,"minecraft:smooth_stone":3,"scout:satchel":1,"minecraft:furnace":1,"minecraft:blast_furnace":1,"minecraft:stone":3,"minecraft:iron_axe":1,"minecraft:stone_pickaxe":1,"minecraft:dark_oak_planks":24,"minecraft:wheat":270,"minecraft:diamond_axe":1,"minecraft:crafting_table":2,"minecraft:wooden_pickaxe":1,"minecraft:iron_helmet":1,"minecraft:campfire":1,"minecraft:bread":90,"minecraft:air":0,"minecraft:iron_chestplate":1,"minecraft:shield":1,"minecraft:stick":8,"minecraft:iron_ingot":29,"minecraft:iron_pickaxe":1,"minecraft:wooden_axe":1,"minecraft:stone_sword":1,"minecraft:iron_leggings":1,"scout:satchel_strap":2},"minecraft:mined":{"minecraft:dark_oak_planks":4,"minecraft:diamond_ore":1,"minecraft:tuff":1,"minecraft:deepslate_diamond_ore":3,"minecraft:dark_oak_log":6,"minecraft:grass_block":6,"minecraft:sandstone":7,"minecraft:spawner":2,"minecraft:tall_seagrass":1,"minecraft:hay_block":33,"minecraft:furnace":1,"minecraft:iron_ore":8,"minecraft:cobbled_deepslate":2,"minecraft:gold_block":1,"minecraft:deepslate_iron_ore":24,"minecraft:stone":68,"minecraft:tripwire":1,"minecraft:green_bed":2,"minecraft:crafting_table":9,"minecraft:blast_furnace":2,"minecraft:dead_bush":8,"minecraft:campfire":2,"minecraft:cobblestone":7,"minecraft:deepslate_gold_ore":4,"minecraft:sugar_cane":16,"minecraft:iron_door":2,"minecraft:lime_bed":2,"minecraft:birch_leaves":1,"minecraft:grass":7,"minecraft:oak_log":4,"minecraft:sand":4,"minecraft:dirt":4,"minecraft:stonecutter":1,"minecraft:deepslate":22},"minecraft:picked_up":{"minecraft:wooden_axe":1,"minecraft:charcoal":4,"minecraft:iron_chestplate":2,"minecraft:crafting_table":14,"minecraft:wooden_pickaxe":1,"minecraft:gold_block":1,"minecraft:shield":1,"minecraft:amethyst_block":2,"minecraft:string":4,"minecraft:iron_axe":1,"minecraft:wooden_sword":1,"minecraft:smooth_stone_slab":1,"minecraft:iron_leggings":2,"minecraft:cobbled_deepslate":26,"minecraft:bucket":1,"minecraft:beef":24,"minecraft:iron_pickaxe":2,"minecraft:sugar_cane":35,"minecraft:egg":1,"minecraft:iron_boots":2,"minecraft:furnace":1,"minecraft:raw_iron":30,"minecraft:stick":11,"minecraft:green_bed":1,"minecraft:stone_button":1,"minecraft:dark_oak_planks":4,"minecraft:stone_sword":1,"minecraft:arrow":13,"minecraft:rotten_flesh":11,"minecraft:hay_block":30,"minecraft:cobblestone":75,"minecraft:lime_bed":1,"minecraft:iron_door":4,"minecraft:leather":16,"minecraft:filled_map":2,"minecraft:tuff":1,"minecraft:oak_log":4,"minecraft:dirt":10,"minecraft:name_tag":1,"minecraft:bone":25,"minecraft:stonecutter":2,"minecraft:raw_gold":8,"minecraft:iron_ingot":21,"minecraft:stone_pickaxe":1,"minecraft:iron_sword":1,"minecraft:gravel":1,"minecraft:sand":5,"minecraft:blast_furnace":4,"minecraft:dark_oak_log":6,"minecraft:polished_andesite":1,"scout:tanned_leather":14,"minecraft:diamond":71,"minecraft:iron_helmet":2,"minecraft:diamond_axe":1,"minecraft:golden_apple":2,"minecraft:bread":16,"minecraft:emerald":8,"minecraft:coal":15},"minecraft:custom":{"minecraft:interact_with_smithing_table":5,"minecraft:mob_kills":39,"minecraft:interact_with_crafting_table":28,"minecraft:interact_with_campfire":15,"minecraft:time_since_death":80670,"minecraft:climb_one_cm":7144,"minecraft:sprint_one_cm":150787,"minecraft:walk_one_cm":180239,"minecraft:damage_blocked_by_shield":366,"minecraft:drop":42,"minecraft:talked_to_villager":1,"minecraft:play_time":132955,"minecraft:deaths":1,"minecraft:sneak_time":5136,"minecraft:walk_under_water_one_cm":14098,"minecraft:jump":1611,"minecraft:interact_with_blast_furnace":8,"minecraft:walk_on_water_one_cm":9135,"minecraft:total_world_time":132955,"minecraft:interact_with_furnace":11,"minecraft:sleep_in_bed":2,"minecraft:time_since_rest":34159,"minecraft:damage_taken":1828,"minecraft:damage_dealt":8412,"minecraft:swim_one_cm":11769,"minecraft:fly_one_cm":307462,"minecraft:open_chest":9,"minecraft:crouch_one_cm":16730,"minecraft:fall_one_cm":45297,"minecraft:horse_one_cm":1079374},"minecraft:killed":{"minecraft:spider":4,"minecraft:horse":1,"minecraft:skeleton":5,"minecraft:husk":7,"minecraft:iron_golem":1,"minecraft:pillager":1,"minecraft:zombie":8,"minecraft:cow":10}},"DataVersion":3465}