{"stats":{"minecraft:dropped":{"minecraft:bread":5,"minecraft:iron_ingot":8,"minecraft:stone_sword":1,"minecraft:smooth_stone_slab":1,"minecraft:crafting_table":4,"minecraft:cobblestone":2,"minecraft:rotten_flesh":1,"minecraft:iron_helmet":1,"minecraft:iron_boots":1,"minecraft:leather":1,"minecraft:amethyst_block":2,"minecraft:dirt":3,"minecraft:golden_apple":1,"minecraft:blast_furnace":1,"minecraft:polished_andesite":1,"minecraft:filled_map":1,"minecraft:iron_chestplate":1,"minecraft:wooden_axe":1,"minecraft:oak_sapling":1,"minecraft:iron_leggings":1,"minecraft:wooden_sword":1,"minecraft:sand":1,"minecraft:iron_pickaxe":1,"minecraft:string":2,"minecraft:bone":14},"minecraft:used":{"minecraft:stone_sword":71,"minecraft:stone_pickaxe":73,"minecraft:wooden_pickaxe":6,"minecraft:shield":13,"minecraft:iron_sword":35,"minecraft:diamond_axe":24,"minecraft:rotten_flesh":5,"minecraft:dirt":5,"minecraft:sand":4,"minecraft:crafting_table":8,"minecraft:blast_furnace":2,"minecraft:tuff":1,"minecraft:wooden_axe":33,"minecraft:dark_oak_planks":4,"minecraft:string":1,"minecraft:iron_axe":7,"minecraft:bread":23,"minecraft:iron_pickaxe":92,"minecraft:gravel":1,"minecraft:cobblestone":63,"minecraft:furnace":1,"minecraft:cobbled_deepslate":17,"minecraft:splash_potion":8},"minecraft:crafted":{"minecraft:wooden_sword":1,"minecraft:smooth_stone":3,"minecraft:diamond_axe":1,"minecraft:crafting_table":2,"minecraft:wooden_pickaxe":1,"minecraft:iron_helmet":1,"minecraft:furnace":1,"minecraft:blast_furnace":1,"minecraft:stone":3,"minecraft:bread":90,"minecraft:air":0,"minecraft:iron_chestplate":1,"minecraft:shield":1,"minecraft:iron_axe":1,"minecraft:stick":4,"minecraft:iron_ingot":29,"minecraft:iron_pickaxe":1,"minecraft:stone_pickaxe":1,"minecraft:wooden_axe":1,"minecraft:stone_sword":1,"minecraft:iron_leggings":1,"minecraft:dark_oak_planks":24,"minecraft:wheat":270},"minecraft:mined":{"minecraft:dark_oak_planks":4,"minecraft:diamond_ore":1,"minecraft:tuff":1,"minecraft:deepslate_diamond_ore":3,"minecraft:dark_oak_log":6,"minecraft:crafting_table":9,"minecraft:blast_furnace":2,"minecraft:grass_block":4,"minecraft:dead_bush":8,"minecraft:cobblestone":7,"minecraft:deepslate_gold_ore":4,"minecraft:sugar_cane":16,"minecraft:sandstone":7,"minecraft:iron_door":2,"minecraft:spawner":2,"minecraft:hay_block":33,"minecraft:tall_seagrass":1,"minecraft:lime_bed":2,"minecraft:furnace":1,"minecraft:iron_ore":8,"minecraft:cobbled_deepslate":2,"minecraft:birch_leaves":1,"minecraft:gold_block":1,"minecraft:grass":4,"minecraft:deepslate_iron_ore":24,"minecraft:sand":4,"minecraft:dirt":4,"minecraft:stone":68,"minecraft:green_bed":2,"minecraft:deepslate":22,"minecraft:tripwire":1},"minecraft:picked_up":{"minecraft:wooden_axe":1,"minecraft:lime_bed":1,"minecraft:crafting_table":14,"minecraft:iron_chestplate":2,"minecraft:iron_door":4,"minecraft:leather":16,"minecraft:wooden_pickaxe":1,"minecraft:filled_map":2,"minecraft:gold_block":1,"minecraft:tuff":1,"minecraft:shield":1,"minecraft:amethyst_block":2,"minecraft:dirt":8,"minecraft:string":4,"minecraft:iron_axe":1,"minecraft:smooth_stone_slab":1,"minecraft:wooden_sword":1,"minecraft:name_tag":1,"minecraft:iron_leggings":2,"minecraft:bone":25,"minecraft:stonecutter":1,"minecraft:cobbled_deepslate":26,"minecraft:raw_gold":8,"minecraft:bucket":1,"minecraft:beef":24,"minecraft:iron_ingot":21,"minecraft:stone_pickaxe":1,"minecraft:iron_pickaxe":2,"minecraft:sugar_cane":35,"minecraft:iron_sword":1,"minecraft:furnace":1,"minecraft:iron_boots":2,"minecraft:stick":11,"minecraft:raw_iron":30,"minecraft:green_bed":1,"minecraft:gravel":1,"minecraft:sand":5,"minecraft:blast_furnace":4,"minecraft:dark_oak_log":6,"minecraft:dark_oak_planks":4,"minecraft:polished_andesite":1,"minecraft:stone_sword":1,"minecraft:arrow":13,"minecraft:rotten_flesh":10,"minecraft:diamond":5,"minecraft:hay_block":30,"minecraft:iron_helmet":2,"minecraft:diamond_axe":1,"minecraft:golden_apple":2,"minecraft:emerald":8,"minecraft:bread":16,"minecraft:coal":15,"minecraft:cobblestone":75},"minecraft:custom":{"minecraft:interact_with_furnace":11,"minecraft:mob_kills":37,"minecraft:interact_with_crafting_table":16,"minecraft:time_since_death":56670,"minecraft:sleep_in_bed":2,"minecraft:climb_one_cm":7144,"minecraft:time_since_rest":10159,"minecraft:sprint_one_cm":146505,"minecraft:damage_taken":1756,"minecraft:walk_one_cm":148617,"minecraft:damage_blocked_by_shield":366,"minecraft:drop":29,"minecraft:damage_dealt":7769,"minecraft:talked_to_villager":1,"minecraft:swim_one_cm":11769,"minecraft:fly_one_cm":302355,"minecraft:open_chest":9,"minecraft:crouch_one_cm":16585,"minecraft:play_time":108955,"minecraft:deaths":1,"minecraft:sneak_time":5089,"minecraft:walk_under_water_one_cm":14098,"minecraft:jump":1561,"minecraft:interact_with_blast_furnace":6,"minecraft:walk_on_water_one_cm":9135,"minecraft:total_world_time":108955,"minecraft:fall_one_cm":44821,"minecraft:horse_one_cm":910785},"minecraft:killed":{"minecraft:husk":7,"minecraft:spider":4,"minecraft:iron_golem":1,"minecraft:horse":1,"minecraft:skeleton":5,"minecraft:pillager":1,"minecraft:zombie":7,"minecraft:cow":10}},"DataVersion":3465}