{"stats":{"minecraft:dropped":{"minecraft:bread":4,"minecraft:crafting_table":3,"minecraft:cobblestone":6,"simplyswords:iron_halberd":1,"minecraft:polished_andesite":2,"minecraft:stick":6,"minecraft:diorite":1,"minecraft:torch":2,"minecraft:wooden_axe":2,"minecraft:wooden_sword":3,"minecraft:bone_meal":2,"minecraft:flowering_azalea":3,"minecraft:sand":1,"minecraft:iron_pickaxe":1,"minecraft:string":2,"minecraft:stone_axe":2,"minecraft:stone_sword":2,"minecraft:cobbled_deepslate":1,"minecraft:smooth_stone_slab":2,"minecraft:wheat":2,"minecraft:rotten_flesh":3,"minecraft:carrot":2,"minecraft:filled_map":1,"minecraft:azalea":2,"minecraft:ladder":3,"minecraft:sandstone":1,"minecraft:iron_bars":1,"minecraft:arrow":3,"minecraft:stone_pickaxe":1,"minecraft:wooden_pickaxe":1,"minecraft:calcite":1},"minecraft:used":{"minecraft:moss_block":3,"minecraft:moss_carpet":3,"minecraft:red_sand":1,"minecraft:stone_sword":63,"minecraft:shield":2,"minecraft:torch":11,"minecraft:dirt":7,"minecraft:carrot":5,"minecraft:dark_oak_planks":10,"minecraft:flowering_azalea":1,"minecraft:iron_axe":3,"minecraft:iron_helmet":1,"minecraft:iron_boots":1,"minecraft:smooth_basalt":3,"minecraft:tripwire_hook":2,"minecraft:furnace":2,"minecraft:goat_horn":3,"minecraft:calcite":4,"minecraft:diorite":1,"minecraft:stone_pickaxe":114,"minecraft:wooden_pickaxe":4,"minecraft:sandstone":13,"minecraft:sand":1,"minecraft:crafting_table":4,"minecraft:blast_furnace":2,"simplyswords:iron_halberd":69,"simplyswords:iron_greathammer":2,"minecraft:bread":26,"minecraft:iron_pickaxe":47,"minecraft:stone_axe":17,"minecraft:cobblestone":7,"minecraft:bone_meal":2,"minecraft:experience_bottle":1},"minecraft:mined":{"minecraft:dark_oak_fence":3,"minecraft:red_sand":1,"minecraft:grass_block":1,"minecraft:coal_block":3,"minecraft:cartography_table":1,"minecraft:moss_block":3,"minecraft:sandstone":17,"minecraft:spawner":2,"minecraft:hay_block":13,"minecraft:furnace":1,"minecraft:iron_ore":51,"minecraft:moss_carpet":1,"minecraft:deepslate_iron_ore":7,"minecraft:azalea_leaves":5,"minecraft:stone":33,"minecraft:green_bed":1,"minecraft:tripwire":3,"minecraft:flowering_azalea":3,"minecraft:amethyst_cluster":5,"minecraft:crafting_table":3,"minecraft:blast_furnace":2,"minecraft:calcite":5,"minecraft:dead_bush":6,"minecraft:cobblestone":3,"minecraft:diorite":1,"minecraft:amethyst_block":2,"minecraft:grass":1,"minecraft:coal_ore":13,"minecraft:oak_log":7,"minecraft:dirt":6,"minecraft:sand":19,"minecraft:smooth_basalt":3,"minecraft:stonecutter":1,"minecraft:deepslate":1},"minecraft:crafted":{"minecraft:smooth_stone":3,"minecraft:iron_nugget":9,"minecraft:furnace":2,"minecraft:blast_furnace":1,"minecraft:stone":3,"minecraft:bone_meal":3,"minecraft:iron_boots":1,"minecraft:iron_axe":1,"minecraft:stone_pickaxe":1,"minecraft:dark_oak_planks":32,"minecraft:wheat":18,"minecraft:crafting_table":1,"minecraft:wooden_pickaxe":1,"minecraft:iron_helmet":1,"simplyswords:iron_halberd":1,"minecraft:stone_axe":1,"minecraft:bread":7,"simplyswords:iron_greathammer":1,"minecraft:air":0,"minecraft:iron_chestplate":1,"minecraft:shield":1,"minecraft:stick":12,"minecraft:iron_ingot":50,"minecraft:iron_pickaxe":1,"minecraft:stone_sword":1,"minecraft:iron_leggings":1,"minecraft:torch":12},"minecraft:picked_up":{"minecraft:wooden_axe":2,"minecraft:crafting_table":8,"minecraft:iron_chestplate":1,"minecraft:wheat":5,"minecraft:ladder":3,"minecraft:wooden_pickaxe":2,"minecraft:shield":1,"minecraft:amethyst_block":4,"minecraft:string":5,"minecraft:moss_carpet":5,"minecraft:wooden_sword":3,"minecraft:iron_axe":1,"minecraft:smooth_stone_slab":2,"minecraft:iron_leggings":1,"minecraft:cartography_table":1,"minecraft:red_sand":1,"minecraft:cobbled_deepslate":2,"minecraft:calcite":5,"minecraft:azalea":4,"minecraft:iron_nugget":5,"minecraft:iron_pickaxe":2,"minecraft:coal_block":6,"minecraft:iron_boots":1,"minecraft:furnace":1,"minecraft:raw_iron":64,"minecraft:stick":15,"minecraft:sandstone":24,"minecraft:torch":14,"minecraft:green_bed":1,"simplyswords:iron_halberd":2,"minecraft:diorite":3,"minecraft:carrot":2,"minecraft:goat_horn":2,"minecraft:dark_oak_planks":36,"minecraft:arrow":6,"minecraft:stone_sword":3,"minecraft:rotten_flesh":4,"minecraft:hay_block":16,"minecraft:saddle":1,"minecraft:iron_bars":1,"minecraft:cobblestone":40,"minecraft:tripwire_hook":4,"minecraft:filled_map":2,"minecraft:oak_log":7,"minecraft:dirt":10,"minecraft:bone":18,"minecraft:stonecutter":1,"minecraft:wheat_seeds":2,"minecraft:iron_ingot":8,"minecraft:stone_pickaxe":1,"minecraft:moss_block":3,"minecraft:flowering_azalea":7,"minecraft:smooth_basalt":3,"minecraft:sand":20,"minecraft:amethyst_shard":40,"minecraft:blast_furnace":3,"simplyswords:iron_greathammer":1,"minecraft:polished_andesite":2,"minecraft:slime_ball":10,"minecraft:stone_axe":2,"minecraft:iron_helmet":1,"minecraft:bone_meal":2,"minecraft:bread":5,"minecraft:coal":32,"minecraft:dark_oak_fence":6},"minecraft:custom":{"minecraft:mob_kills":26,"minecraft:interact_with_crafting_table":26,"minecraft:time_since_death":24124,"minecraft:climb_one_cm":7212,"minecraft:sprint_one_cm":185940,"minecraft:walk_one_cm":131224,"minecraft:damage_blocked_by_shield":100,"minecraft:drop":49,"minecraft:talked_to_villager":1,"minecraft:play_time":71096,"minecraft:deaths":2,"minecraft:sneak_time":4987,"minecraft:walk_under_water_one_cm":6502,"minecraft:jump":1312,"minecraft:interact_with_blast_furnace":12,"minecraft:walk_on_water_one_cm":3592,"minecraft:total_world_time":71096,"minecraft:interact_with_furnace":7,"minecraft:tune_noteblock":1,"minecraft:time_since_rest":24150,"minecraft:damage_taken":2250,"minecraft:damage_dealt":5529,"minecraft:swim_one_cm":19135,"minecraft:fly_one_cm":273863,"minecraft:open_chest":14,"minecraft:crouch_one_cm":15132,"minecraft:fall_one_cm":46804,"minecraft:horse_one_cm":94189},"minecraft:killed":{"minecraft:slime":4,"minecraft:skeleton":9,"minecraft:husk":1,"minecraft:pillager":10,"minecraft:zombie":1},"minecraft:killed_by":{"minecraft:player":1,"minecraft:pillager":1}},"DataVersion":3465}