{"stats":{"minecraft:mined":{"minecraft:brewing_stand":1,"minecraft:dark_oak_fence":3,"minecraft:red_sand":1,"minecraft:grass_block":1,"minecraft:coal_block":3,"minecraft:moss_block":3,"minecraft:cartography_table":1,"minecraft:sandstone":17,"minecraft:spawner":2,"minecraft:sandstone_stairs":2,"minecraft:hay_block":107,"minecraft:furnace":1,"minecraft:iron_ore":51,"minecraft:moss_carpet":1,"minecraft:deepslate_iron_ore":7,"minecraft:azalea_leaves":5,"minecraft:stone":34,"minecraft:tripwire":3,"minecraft:green_bed":1,"minecraft:smithing_table":1,"minecraft:flowering_azalea":3,"minecraft:amethyst_cluster":5,"minecraft:oak_fence":1,"minecraft:crafting_table":7,"minecraft:blast_furnace":4,"minecraft:calcite":5,"minecraft:chest":1,"minecraft:dead_bush":6,"minecraft:cobblestone":3,"minecraft:smooth_sandstone_slab":1,"minecraft:diorite":1,"minecraft:amethyst_block":2,"minecraft:lime_bed":2,"minecraft:sea_pickle":1,"minecraft:grass":19,"minecraft:oak_log":11,"minecraft:coal_ore":29,"minecraft:sand":19,"minecraft:dirt":6,"minecraft:smooth_basalt":3,"minecraft:terracotta":1,"minecraft:stonecutter":1,"minecraft:deepslate":1,"minecraft:fern":8},"minecraft:killed_by":{"minecraft:player":1,"minecraft:pillager":1},"minecraft:picked_up":{"minecraft:wooden_axe":2,"minecraft:crafting_table":12,"minecraft:iron_chestplate":1,"minecraft:wheat":13,"minecraft:ladder":3,"minecraft:clay_ball":1,"minecraft:smithing_table":1,"minecraft:wooden_pickaxe":2,"minecraft:brewing_stand":1,"minecraft:shield":1,"minecraft:amethyst_block":4,"minecraft:string":11,"minecraft:moss_carpet":5,"minecraft:smooth_stone_slab":2,"minecraft:iron_axe":1,"minecraft:wooden_sword":3,"minecraft:iron_leggings":1,"minecraft:sea_pickle":2,"minecraft:red_sand":1,"minecraft:cartography_table":1,"minecraft:cobbled_deepslate":2,"minecraft:beef":14,"minecraft:calcite":5,"minecraft:azalea":4,"minecraft:iron_nugget":5,"minecraft:iron_pickaxe":2,"minecraft:coal_block":6,"minecraft:chest":1,"minecraft:iron_boots":1,"minecraft:furnace":1,"minecraft:stick":15,"minecraft:raw_iron":64,"minecraft:sandstone":24,"minecraft:oak_fence":1,"minecraft:torch":14,"minecraft:green_bed":2,"simplyswords:iron_halberd":3,"minecraft:stone_button":2,"minecraft:diorite":3,"minecraft:carrot":2,"minecraft:goat_horn":2,"minecraft:dark_oak_planks":36,"minecraft:smooth_sandstone_slab":2,"minecraft:stone_sword":3,"minecraft:arrow":6,"minecraft:cactus":3,"minecraft:rotten_flesh":16,"minecraft:hay_block":110,"minecraft:sandstone_stairs":2,"minecraft:saddle":1,"minecraft:iron_bars":1,"minecraft:cobblestone":41,"minecraft:lime_bed":3,"minecraft:iron_door":2,"minecraft:tripwire_hook":4,"minecraft:leather":11,"minecraft:filled_map":3,"minecraft:oak_log":12,"minecraft:dirt":10,"minecraft:bone":19,"minecraft:stonecutter":1,"minecraft:wheat_seeds":4,"minecraft:iron_ingot":8,"minecraft:stone_pickaxe":1,"minecraft:moss_block":3,"minecraft:oak_planks":2,"minecraft:flowering_azalea":7,"minecraft:smooth_basalt":3,"minecraft:sand":30,"minecraft:amethyst_shard":40,"minecraft:blast_furnace":5,"simplyswords:iron_greathammer":1,"minecraft:spider_eye":2,"minecraft:polished_andesite":2,"scout:tanned_leather":11,"minecraft:slime_ball":10,"minecraft:diamond":65,"minecraft:stone_axe":2,"minecraft:iron_helmet":1,"minecraft:bone_meal":2,"minecraft:bread":5,"minecraft:terracotta":1,"minecraft:oak_sapling":1,"minecraft:dark_oak_fence":6,"minecraft:coal":72},"minecraft:killed":{"minecraft:spider":1,"minecraft:slime":4,"minecraft:skeleton":10,"minecraft:horse":3,"minecraft:cat":1,"minecraft:husk":1,"minecraft:pillager":10,"minecraft:zombie":10,"minecraft:cow":7},"minecraft:crafted":{"minecraft:smooth_stone":3,"minecraft:oak_planks":4,"minecraft:coal":27,"scout:satchel":1,"minecraft:iron_nugget":9,"minecraft:furnace":2,"minecraft:blast_furnace":1,"minecraft:stone":3,"minecraft:bone_meal":3,"minecraft:iron_boots":1,"minecraft:iron_axe":1,"minecraft:iron_hoe":1,"minecraft:stone_pickaxe":1,"minecraft:dark_oak_planks":32,"minecraft:wheat":846,"minecraft:crafting_table":1,"minecraft:wooden_pickaxe":1,"minecraft:iron_helmet":1,"simplyswords:iron_halberd":1,"minecraft:smithing_table":1,"minecraft:hay_block":1,"minecraft:campfire":1,"minecraft:stone_axe":1,"minecraft:bread":288,"simplyswords:iron_greathammer":1,"minecraft:air":0,"minecraft:iron_chestplate":1,"minecraft:shield":1,"minecraft:stick":20,"minecraft:iron_ingot":61,"minecraft:iron_pickaxe":1,"minecraft:stone_sword":1,"minecraft:iron_leggings":1,"scout:upgraded_satchel":1,"minecraft:torch":12,"scout:satchel_strap":2},"minecraft:dropped":{"minecraft:bread":4,"minecraft:oak_log":1,"minecraft:diamond":64,"minecraft:crafting_table":3,"scout:tanned_leather":2,"minecraft:cobblestone":6,"simplyswords:iron_halberd":2,"minecraft:stick":8,"minecraft:polished_andesite":2,"minecraft:diorite":1,"minecraft:stone_button":1,"minecraft:torch":2,"minecraft:wooden_axe":2,"minecraft:iron_door":2,"minecraft:wooden_sword":3,"minecraft:bone_meal":2,"minecraft:flowering_azalea":3,"minecraft:sand":1,"minecraft:iron_pickaxe":1,"minecraft:string":2,"minecraft:stone_axe":2,"minecraft:stone_sword":2,"minecraft:cobbled_deepslate":1,"minecraft:smooth_stone_slab":2,"minecraft:wheat":2,"minecraft:rotten_flesh":10,"minecraft:clay_ball":1,"minecraft:carrot":2,"minecraft:filled_map":3,"minecraft:azalea":2,"minecraft:oak_sapling":1,"minecraft:ladder":3,"minecraft:spider_eye":1,"minecraft:sandstone":1,"minecraft:iron_bars":1,"minecraft:arrow":3,"minecraft:wooden_pickaxe":1,"minecraft:beef":3,"minecraft:stone_pickaxe":1,"minecraft:calcite":1,"minecraft:terracotta":1},"minecraft:custom":{"minecraft:interact_with_smithing_table":4,"minecraft:mob_kills":48,"minecraft:interact_with_crafting_table":50,"minecraft:interact_with_campfire":8,"minecraft:leave_game":1,"minecraft:time_since_death":84473,"minecraft:climb_one_cm":8546,"minecraft:sprint_one_cm":280586,"minecraft:walk_one_cm":195830,"minecraft:damage_blocked_by_shield":100,"minecraft:drop":71,"minecraft:talked_to_villager":2,"minecraft:play_time":131445,"minecraft:deaths":2,"minecraft:sneak_time":6264,"minecraft:walk_under_water_one_cm":10844,"minecraft:jump":1863,"minecraft:interact_with_blast_furnace":22,"minecraft:walk_on_water_one_cm":8193,"minecraft:total_world_time":131445,"minecraft:interact_with_furnace":7,"minecraft:tune_noteblock":1,"minecraft:sleep_in_bed":3,"minecraft:time_since_rest":34508,"minecraft:damage_taken":2825,"minecraft:damage_dealt":9066,"minecraft:swim_one_cm":22163,"minecraft:fly_one_cm":390850,"minecraft:open_chest":18,"minecraft:crouch_one_cm":20851,"minecraft:fall_one_cm":62371,"minecraft:horse_one_cm":731628},"minecraft:used":{"minecraft:oak_fence":1,"minecraft:moss_block":3,"minecraft:moss_carpet":3,"minecraft:stone_sword":63,"minecraft:red_sand":1,"minecraft:chest":1,"minecraft:shield":2,"minecraft:torch":11,"minecraft:dirt":7,"minecraft:carrot":5,"minecraft:iron_hoe":84,"minecraft:dark_oak_planks":10,"minecraft:flowering_azalea":1,"minecraft:iron_axe":19,"minecraft:iron_helmet":1,"minecraft:iron_boots":1,"minecraft:smooth_basalt":3,"minecraft:tripwire_hook":2,"minecraft:goat_horn":3,"minecraft:furnace":2,"minecraft:calcite":4,"minecraft:diorite":1,"minecraft:sandstone_stairs":2,"minecraft:stone_pickaxe":114,"minecraft:smooth_sandstone_slab":2,"minecraft:wooden_pickaxe":4,"minecraft:sandstone":13,"minecraft:green_bed":2,"minecraft:sand":1,"minecraft:lime_bed":3,"minecraft:crafting_table":7,"minecraft:blast_furnace":4,"simplyswords:iron_halberd":110,"minecraft:campfire":1,"simplyswords:iron_greathammer":2,"minecraft:bread":40,"minecraft:iron_pickaxe":73,"minecraft:stone_axe":17,"minecraft:cobblestone":7,"minecraft:smithing_table":1,"minecraft:bone_meal":2,"minecraft:experience_bottle":1}},"DataVersion":3465}